{
    "class_weight": {
        "0": 0.5354540749293307,
        "1": 7.551375631667603
    },
    "metrics": {
        "auc": 0.6578382638794977,
        "recall_at_fpr": 0.3247863247863248,
        "precision_at_k": 1.0,
        "best_threshold_at_fpr": 0.5215451024927944,
        "fraud_capture_rate": 0.3247863247856308
    },
    "saved_at": "2025-12-02T14:03:47.979769"
}